steamid,grau,centralidade_grau,coef_cluster,total_jogos,set_jogos
76561198038073305,37,0.7551020408163265,0.509009009009009,116,"{629760, 223750, 231430, 10, 230410, 238090, 252950, 34330, 30, 578080, 550, 379430, 40, 391720, 2465830, 300080, 552500, 48700, 60, 729660, 242760, 80, 48720, 204880, 330840, 960090, 4700, 100, 227940, 1083500, 338540, 812140, 616560, 260210, 508530, 1422450, 218230, 394360, 35450, 105600, 368780, 319630, 72850, 291480, 4760, 905370, 43160, 2296990, 4770, 204450, 1938090, 242860, 42160, 58550, 344760, 660160, 1712840, 265930, 470220, 945360, 885970, 202970, 730, 220, 291550, 34030, 202990, 550650, 598780, 65790, 10500, 304390, 311560, 9480, 346900, 886040, 304930, 47410, 236850, 863550, 773951, 320, 408900, 208730, 544610, 236390, 489830, 360, 10090, 1482620, 107410, 4000, 1184160, 712100, 214950, 347560, 311210, 700330, 221100, 212910, 261550, 399790, 884660, 440, 1782210, 1208260, 305620, 534500, 654310, 325610, 360430, 835570, 1172470, 219640, 203770, 218620}"
76561198060748768,35,0.7142857142857142,0.5277310924369748,154,"{115200, 1272320, 224260, 582660, 223750, 231430, 230410, 40970, 390670, 252950, 526870, 464920, 34330, 109600, 255520, 250400, 578080, 384550, 215080, 391720, 297000, 290870, 570, 48700, 2321470, 17480, 397900, 779340, 35420, 4700, 43110, 333420, 323190, 394360, 35450, 700030, 359550, 466560, 386180, 569480, 1363080, 359050, 379530, 594570, 72850, 418460, 222880, 1174180, 387240, 233130, 614570, 242860, 297130, 1938090, 251570, 384180, 42680, 209080, 403640, 292030, 324800, 42690, 212680, 1062090, 945360, 548050, 268500, 24790, 730, 2183900, 255710, 291550, 1250, 244450, 271590, 485610, 1517290, 34030, 368370, 113400, 248570, 550650, 65790, 7940, 225540, 304390, 530700, 346900, 438040, 440090, 3240220, 493340, 290080, 304930, 300, 205100, 289070, 760620, 16700, 200510, 281920, 466240, 270150, 239430, 447820, 926540, 438100, 976730, 465760, 380770, 544610, 236390, 489830, 289130, 368500, 623990, 1358710, 553850, 546700, 107410, 582550, 203160, 289690, 1323420, 265630, 4000, 214950, 321960, 357290, 700330, 6060, 1091500, 200110, 261550, 476600, 440, 232890, 420290, 1208260, 476620, 73170, 203730, 306130, 202200, 736220, 654310, 105450, 325610, 589290, 1466860, 1172470, 219640, 203770, 218620}"
76561198136730824,28,0.5714285714285714,0.5396825396825397,0,set()
76561198084204935,27,0.5510204081632653,0.5925925925925926,0,set()
76561198017921564,18,0.36734693877551017,0.6013071895424836,0,set()
76561198012085873,20,0.4081632653061224,0.5578947368421052,0,set()
76561198109866379,18,0.36734693877551017,0.5424836601307189,0,set()
76561198016402305,35,0.7142857142857142,0.46050420168067224,207,"{40960, 64000, 115200, 629760, 224260, 231430, 40970, 115210, 460810, 311310, 582160, 40980, 115220, 252950, 20500, 508440, 34330, 15390, 552990, 32800, 578080, 550, 205350, 41000, 17450, 434730, 374830, 620590, 218680, 48700, 99900, 1013310, 16450, 200260, 2630, 9800, 204360, 242760, 252490, 667720, 48720, 314450, 34900, 22100, 564310, 919640, 4700, 35420, 21090, 227940, 247910, 34410, 205930, 21100, 1083500, 33900, 244850, 505460, 21110, 218230, 394360, 35450, 333950, 359550, 105600, 21120, 274560, 35460, 250500, 313480, 431240, 33930, 359050, 569480, 594570, 690830, 72850, 1029780, 35480, 4760, 275610, 232090, 218620, 222880, 45730, 4770, 206500, 65700, 8870, 393380, 242860, 91310, 1200, 78000, 251570, 219830, 209080, 65720, 433850, 344760, 497850, 256190, 292030, 47810, 295110, 1230, 234190, 945360, 885970, 32470, 329430, 211160, 730, 287450, 686810, 1250, 244450, 271590, 223470, 34030, 4850, 113400, 233720, 65790, 1280, 10500, 225540, 4870, 6920, 241930, 323850, 4880, 397080, 4890, 440090, 227100, 111900, 3240220, 774941, 313120, 238370, 34600, 341800, 300, 739630, 236850, 16700, 362300, 37700, 204100, 35140, 270150, 364360, 238430, 2400, 236390, 489830, 10090, 1128810, 49520, 400240, 289650, 2420, 347510, 623990, 690040, 327030, 2430, 24960, 206210, 242050, 203140, 241540, 107410, 439700, 63380, 51100, 265630, 4000, 214950, 25000, 301480, 337320, 490920, 6060, 221100, 261550, 302510, 55230, 420290, 322500, 264140, 707030, 736220, 217060, 306660, 8170, 105450, 218090, 233450, 325610, 589290, 500, 40950, 219640, 203770, 98300}"
76561198104011790,26,0.5306122448979591,0.5661538461538461,229,"{361990, 231430, 374280, 15370, 12810, 366090, 412170, 390670, 475150, 321040, 521230, 1105420, 1506830, 212500, 252950, 34330, 228380, 552990, 270880, 578080, 761890, 282660, 2051620, 550, 2465830, 297000, 892970, 225840, 369200, 2437170, 736820, 552500, 108600, 1491000, 570, 48700, 2641470, 2709570, 1313860, 767560, 552520, 397900, 779340, 755790, 220240, 4700, 35420, 383580, 227940, 333930, 1083500, 333420, 310380, 1129580, 1571440, 1422450, 671860, 218230, 2087030, 394360, 3070070, 285310, 298110, 1509510, 1363080, 594570, 292500, 291480, 4760, 905370, 17570, 4770, 40100, 2943650, 1158310, 1938090, 9900, 2507950, 1623730, 251060, 2767030, 380600, 11450, 433850, 444090, 292030, 530630, 581320, 1205960, 537800, 2429640, 470220, 383180, 13520, 945360, 885970, 813780, 324310, 202970, 730, 286940, 1085660, 255710, 291550, 1407200, 1250, 375010, 674020, 443110, 242920, 1517290, 613100, 202990, 34030, 677620, 334070, 403190, 933110, 248570, 550650, 491260, 555260, 65790, 850170, 298240, 1645820, 2281730, 10500, 338180, 427270, 209160, 262410, 241930, 253710, 209170, 21780, 835860, 389400, 719640, 1238810, 310560, 304930, 391460, 444200, 1404210, 2195250, 8500, 386360, 326460, 495420, 1811260, 466240, 723780, 408900, 234310, 438600, 364360, 926540, 1238860, 391000, 246620, 858460, 299360, 236390, 10090, 1599340, 1937780, 1358710, 915320, 1240440, 553850, 1449850, 596350, 445310, 24960, 990080, 1248130, 281990, 24460, 311700, 439700, 24470, 787860, 783770, 1860510, 4000, 24480, 287140, 712100, 214950, 601510, 905640, 1343400, 311210, 415660, 212910, 261550, 17330, 884660, 1142710, 939960, 440, 17340, 19900, 371660, 435150, 2951630, 301520, 562640, 306130, 1237970, 272860, 1824220, 1206240, 227300, 498660, 534500, 105450, 407530, 325610, 589290, 1466860, 835570, 1022450, 500, 3582450, 1172470, 203770, 346110}"
76561198034581561,27,0.5510204081632653,0.5527065527065527,0,set()
76561198120430703,18,0.36734693877551017,0.4444444444444444,0,set()
76561198017633080,6,0.12244897959183673,0.8,285,"{355840, 295930, 582660, 231430, 230410, 296970, 242700, 219150, 1222670, 200210, 212500, 250900, 252950, 37400, 226840, 34330, 248860, 253980, 292380, 317470, 109600, 1253920, 761890, 220200, 1115690, 37420, 211500, 377900, 113200, 254000, 300080, 374320, 504370, 489520, 108600, 328760, 570, 48700, 99900, 261180, 243780, 254020, 204360, 252490, 397900, 779340, 236110, 435790, 48720, 670290, 44630, 254040, 978520, 960090, 107100, 4700, 219740, 11360, 1258080, 227940, 43110, 293480, 963690, 620, 1083500, 254060, 305260, 263280, 310380, 244850, 1129580, 239220, 218230, 33910, 394360, 301690, 362620, 11390, 700030, 92800, 105600, 359550, 781440, 301700, 1966720, 569480, 215690, 33930, 307340, 366220, 588430, 72850, 927890, 258200, 291480, 283290, 365720, 905370, 312990, 878750, 65700, 1158310, 1282730, 1336490, 345260, 91310, 2507950, 24240, 252410, 384180, 1149620, 42680, 209080, 65720, 380600, 300220, 444090, 292030, 42690, 252610, 221380, 530630, 212680, 443080, 42700, 267980, 945360, 1004240, 294100, 268500, 42710, 273110, 247000, 326360, 202970, 730, 393430, 329430, 255710, 291550, 444640, 8930, 259300, 271590, 207080, 242920, 283370, 202990, 34030, 375030, 113400, 494840, 207610, 299260, 39680, 284930, 10500, 214790, 9480, 457490, 346900, 761620, 284950, 322330, 3240220, 303390, 290080, 233250, 304930, 509220, 368420, 283430, 331560, 341800, 251690, 444200, 289070, 365360, 47410, 236850, 8500, 1063730, 55100, 44350, 200510, 72000, 232770, 224580, 226120, 22350, 354640, 210770, 438100, 7510, 286040, 239450, 823130, 2694490, 201570, 236390, 202090, 422250, 1599340, 55150, 70000, 238960, 274290, 702320, 227700, 734580, 623990, 672630, 926580, 315260, 113020, 307070, 596350, 48000, 241540, 1930, 65930, 365450, 1281930, 400, 287120, 107410, 63380, 334230, 8600, 1058200, 859580, 203160, 289690, 327070, 4000, 395170, 214950, 221100, 212910, 261550, 304050, 528820, 1245620, 102840, 440, 220090, 406970, 204220, 278460, 55230, 277950, 8640, 241600, 420290, 529340, 10180, 375230, 427460, 1097150, 253900, 778700, 10190, 1124300, 301520, 8660, 57300, 307670, 544730, 1086940, 413150, 253920, 227300, 500710, 477160, 233450, 632810, 225260, 8690, 835570, 223220, 271860, 219640, 203770, 218620, 302590}"
76561198043642107,21,0.42857142857142855,0.6,253,"{629760, 1272320, 560130, 582660, 231430, 300040, 10, 230410, 413710, 475150, 582160, 1222670, 20, 226840, 34330, 30, 578080, 761890, 550, 379430, 40, 892970, 374320, 489520, 50, 504370, 391220, 552500, 346110, 570, 60, 48700, 48190, 70, 33350, 204360, 252490, 779340, 80, 48720, 220240, 56400, 34900, 22100, 492630, 266840, 20570, 2322010, 4700, 35420, 9310, 32350, 1911390, 100, 227940, 599140, 368230, 43110, 620, 1083500, 333420, 812140, 301680, 616560, 32370, 1422450, 218230, 33910, 394360, 35450, 32380, 321150, 359550, 105600, 130, 460930, 301700, 32390, 283270, 1363080, 33930, 201870, 32400, 72850, 293010, 920210, 291480, 1151640, 232090, 905370, 418460, 1593500, 287390, 204450, 65700, 32420, 393380, 1174180, 1158310, 1938090, 32430, 2239150, 1623730, 209080, 65720, 403640, 1030840, 292030, 208580, 221380, 319180, 110800, 945360, 294100, 32470, 2623190, 730, 686810, 220, 1085660, 255710, 2183900, 1250, 8930, 271590, 9450, 34030, 240, 238320, 32500, 933110, 502520, 598780, 65790, 10500, 15620, 304390, 9480, 270090, 351510, 280, 1238810, 3240220, 774941, 236830, 1455900, 310560, 1771300, 300, 205100, 289070, 728880, 236850, 22330, 2054970, 320, 312640, 466240, 291650, 12100, 224580, 377160, 750920, 12110, 312660, 12120, 224600, 823130, 834910, 257890, 782330, 236390, 489830, 360, 228200, 1599340, 55150, 1772910, 6000, 623990, 1358710, 343930, 1173370, 238460, 527230, 990080, 242050, 6020, 281990, 424840, 275850, 6030, 400, 107410, 63380, 234390, 334230, 203160, 1172380, 4000, 367520, 20900, 214950, 700330, 6060, 1091500, 261550, 227760, 12210, 239030, 436150, 20920, 440, 232890, 859580, 529340, 420290, 1782210, 10180, 427460, 12230, 10190, 4560, 42960, 12240, 286160, 301520, 306130, 4570, 12250, 21980, 1086940, 33250, 286690, 4580, 227300, 42980, 654310, 233450, 325610, 105450, 589290, 17390, 360430, 1466860, 407530, 835570, 500, 1180660, 219640, 203770, 218620, 8190}"
76561198065529747,26,0.5306122448979591,0.6092307692307692,316,"{231430, 40970, 2334730, 475150, 2484250, 552990, 40990, 32800, 761890, 544810, 892970, 489520, 2437170, 20540, 1146950, 587860, 2719830, 417890, 43110, 333930, 1083500, 409710, 616560, 1284210, 206980, 268420, 764050, 776340, 43160, 489630, 2767030, 1310910, 393410, 221380, 1085660, 1407200, 1263850, 1263860, 254200, 241930, 1173770, 887060, 381210, 3240220, 880940, 289070, 8500, 1284410, 16700, 1454400, 2357570, 872790, 57690, 858460, 1042780, 489830, 1128810, 1476970, 49520, 438640, 872820, 596350, 1433990, 1184140, 1368460, 400, 1046930, 203160, 20900, 504230, 1196470, 440, 745920, 420290, 1782210, 4560, 2707930, 223710, 1276390, 285160, 219640, 457210, 737800, 582160, 520720, 270880, 550, 211500, 250420, 570, 232010, 397900, 236110, 4700, 107100, 227940, 316010, 414340, 1024650, 1198730, 1292940, 920210, 1088150, 4760, 4770, 510630, 805550, 1286830, 2273980, 258760, 2429640, 813780, 730, 209630, 8930, 1254120, 375530, 385770, 598780, 39680, 2669320, 11020, 738060, 1147660, 1147690, 293680, 1063730, 2870, 1811260, 602960, 2018130, 246620, 547680, 582500, 236390, 228200, 23400, 588650, 35700, 250740, 990080, 205710, 107410, 359320, 289690, 1172380, 304030, 2225070, 228280, 529340, 259020, 435150, 752590, 306130, 1997780, 3097560, 627690, 302060, 1172470, 203770, 302080, 629760, 1551360, 582660, 230410, 250900, 252950, 109600, 918570, 922670, 1313860, 220260, 599140, 365670, 1131620, 310380, 244850, 1422450, 218230, 996470, 394360, 9340, 359550, 386180, 1172620, 72850, 2296990, 1158310, 242860, 611500, 42160, 292030, 945360, 885970, 249050, 271590, 283880, 287980, 34030, 1232130, 969990, 9480, 1139980, 714010, 310560, 236850, 1404210, 404790, 386360, 1334590, 2440510, 408900, 2016590, 599390, 2004320, 238960, 363890, 263540, 623990, 1240440, 281990, 275850, 787860, 327070, 562590, 288160, 601510, 261550, 232890, 859580, 1097150, 363970, 2667970, 286160, 21970, 1824220, 589290, 214510, 7670, 218620, 427520, 204300, 1506830, 212500, 226840, 34330, 632360, 552500, 239160, 48700, 325180, 1013320, 640590, 48720, 960090, 431730, 239220, 505460, 423580, 9900, 986800, 317110, 444090, 1887930, 208580, 466630, 407250, 32470, 2141910, 255710, 442080, 1517290, 32510, 212740, 1869590, 438040, 493340, 610080, 304930, 1537830, 567090, 2195250, 640820, 2068280, 24400, 747350, 278360, 513890, 544610, 2428770, 1599340, 1173370, 1449850, 223100, 1056640, 667530, 305050, 214950, 1343400, 700330, 6060, 262060, 1091500, 1259440, 884660, 364470, 436150, 606150, 1277920, 227300, 534500, 407530, 763890, 40950, 323580, 346110}"
76561198089447076,26,0.5306122448979591,0.6430769230769231,486,"{231430, 397340, 1222690, 2465830, 2670630, 215080, 544810, 892970, 620590, 2488370, 34870, 462930, 919640, 1083500, 305260, 616560, 671860, 3070070, 1702010, 333950, 1360000, 460930, 569480, 575640, 905370, 1593500, 1659040, 393380, 383150, 256190, 24780, 239820, 383180, 936140, 110800, 1255630, 202970, 286940, 1085660, 1282270, 6370, 674020, 1263850, 202990, 418030, 1263860, 760060, 10500, 225540, 24840, 577800, 815370, 1394960, 1569040, 1259800, 1485080, 381210, 3240220, 352550, 300, 102700, 553260, 739630, 47410, 3164500, 731490, 2062690, 1128810, 2169200, 412020, 1026420, 602490, 582010, 24960, 242050, 1644960, 895400, 905640, 16810, 227760, 350640, 1245620, 2967990, 440, 399810, 420290, 1782210, 33230, 4560, 301520, 438740, 305620, 489940, 512470, 272860, 307690, 324080, 244210, 737800, 238090, 612880, 584210, 289300, 1149460, 526870, 203290, 270880, 578080, 550, 379430, 391720, 342570, 346110, 570, 2620, 447040, 418370, 440900, 2630, 301640, 1069640, 252490, 2640, 606800, 473690, 35420, 4700, 8800, 1258080, 2138720, 227940, 690790, 1919590, 1225330, 633460, 35450, 518790, 594570, 588430, 690830, 428690, 291480, 232090, 418460, 287390, 1938090, 1030830, 1149620, 6840, 1030840, 858810, 541380, 592580, 674500, 858820, 258760, 1274570, 774861, 273110, 324310, 730, 686810, 385760, 8930, 244450, 613100, 238320, 4850, 15100, 1227530, 973580, 629520, 344850, 346900, 322330, 774941, 1155870, 1178400, 946990, 1080110, 1100600, 1248060, 496460, 1100620, 1553230, 13140, 228180, 914260, 109400, 928600, 367450, 246620, 236390, 228200, 457580, 664430, 656240, 508790, 553850, 990080, 678800, 107410, 1106840, 252830, 322500, 824270, 1031120, 306130, 50130, 312280, 736220, 1016800, 682990, 1172470, 572410, 203770, 998400, 224260, 582660, 1016840, 316430, 1203220, 252950, 519190, 228380, 220200, 1209410, 394310, 242760, 779340, 201810, 1129580, 1422450, 218230, 33910, 394360, 996470, 50300, 359550, 105600, 494720, 312450, 507010, 234630, 951430, 431240, 1363080, 1012880, 72850, 236690, 648350, 1158310, 242860, 2507950, 1200, 492720, 384180, 1451190, 408760, 914620, 292030, 91330, 1230, 945360, 285920, 1250, 271590, 1223910, 242920, 247020, 34030, 1307890, 494840, 2063610, 1280, 574720, 584980, 427290, 714010, 236830, 310560, 25890, 814380, 236850, 683320, 863550, 681280, 466240, 236870, 44360, 750920, 447820, 785740, 312660, 382310, 931180, 238960, 623990, 1240440, 535930, 1101180, 281990, 335240, 1144200, 275850, 376210, 427410, 787860, 1338770, 443810, 1203620, 1287590, 482730, 2315690, 261550, 239030, 476600, 19900, 859580, 482750, 1097150, 1146300, 335300, 368070, 24010, 476620, 232910, 286160, 337360, 73170, 282070, 355800, 624090, 413150, 415200, 335330, 306660, 589290, 1119730, 1123830, 624120, 757240, 218620, 284160, 355840, 427520, 366090, 34330, 290340, 239140, 1195560, 226860, 605740, 1220140, 552500, 906810, 48700, 552520, 736850, 278100, 1449560, 648800, 333420, 22130, 208500, 505460, 323190, 466560, 34440, 208520, 34450, 1029780, 7830, 841370, 34460, 773790, 222880, 204450, 521890, 728740, 310950, 513710, 24240, 251570, 1623730, 42680, 380600, 1076920, 3241660, 2567870, 42690, 2479810, 212680, 581320, 603850, 42700, 1015500, 454350, 671440, 42710, 775900, 245470, 255710, 442080, 984800, 368360, 550650, 646910, 7940, 775940, 503560, 274190, 704270, 268050, 440090, 1453850, 493340, 1066780, 2252570, 313120, 304930, 1771300, 34600, 3900, 495420, 3059520, 296770, 1089350, 364360, 1040200, 331600, 438100, 1124180, 431960, 356190, 10090, 245620, 690040, 223100, 350080, 391040, 638850, 667530, 63380, 3990, 1034140, 1259420, 1904540, 4000, 683940, 214950, 311210, 700330, 221100, 518060, 212910, 1091500, 493490, 884660, 1142710, 933820, 55230, 10180, 1208260, 499660, 10190, 42960, 311260, 1458140, 1206240, 286690, 1454050, 227300, 534500, 761830, 1812450, 233450, 407530, 325610, 378860, 360430, 1134570, 835570, 409590, 559100, 448510}"
76561198052782861,13,0.26530612244897955,0.5769230769230769,111,"{40960, 629760, 559620, 231430, 40970, 40980, 252950, 34330, 2051620, 379430, 892970, 2000950, 2620, 48700, 2630, 252490, 397900, 2640, 48720, 22100, 277590, 4700, 424030, 39520, 227940, 1083500, 1129580, 218230, 394360, 35450, 359550, 700030, 466560, 569480, 1363080, 201870, 72850, 1088150, 4760, 4770, 1174180, 242860, 32430, 384180, 1182900, 292030, 885970, 202970, 686810, 39650, 271590, 39660, 202990, 680690, 32500, 39680, 311560, 241930, 3240220, 304930, 1771300, 47400, 236850, 16700, 926540, 22350, 228180, 312660, 208730, 236390, 489830, 10090, 227180, 70000, 49520, 368500, 623990, 327030, 1358710, 990080, 242050, 907650, 203140, 1172380, 265630, 4000, 712100, 214950, 212910, 261550, 302510, 476600, 232890, 420290, 476620, 752590, 1237970, 736220, 46560, 33250, 285160, 325610, 589290, 1466860, 9200, 1774580, 40950, 1172470, 219640, 203770, 218620}"
76561198116864059,13,0.26530612244897955,0.6025641025641025,191,"{115200, 284160, 629760, 224260, 223750, 231430, 1039880, 238090, 751630, 1465360, 17430, 526870, 1222680, 550, 379430, 1890860, 1472560, 1012790, 1273400, 2104890, 48700, 325180, 848450, 242760, 397900, 48720, 240720, 1082450, 1137750, 1118200, 348250, 407130, 527450, 424030, 208480, 648800, 227940, 247910, 1361000, 333420, 310380, 1129580, 263280, 616560, 244850, 1422450, 505460, 633460, 394360, 35450, 674940, 700030, 402560, 1966720, 518790, 33930, 516750, 1435790, 291480, 555160, 43160, 418460, 1019550, 770720, 222880, 393380, 342180, 528550, 1174180, 242860, 383150, 1030830, 42160, 513710, 42680, 1030840, 914620, 3241660, 2567870, 42690, 91330, 675010, 1274570, 285900, 585420, 945360, 594650, 686810, 291550, 34030, 302830, 1032430, 1359090, 1520370, 1822450, 248570, 527100, 546560, 225540, 304390, 815370, 451340, 704270, 1167630, 933140, 4890, 322330, 774941, 339230, 313120, 1260320, 304930, 1771300, 47400, 320300, 880940, 739630, 657200, 1562420, 466240, 993090, 37700, 708420, 447820, 611660, 602960, 438100, 12120, 823130, 1058650, 1017180, 613730, 1304930, 236390, 10090, 202090, 534380, 289650, 24960, 1248130, 1326470, 1144200, 424840, 967050, 1943950, 107410, 63380, 1578390, 1106840, 203160, 346010, 770460, 4000, 2300320, 490920, 700330, 221100, 261550, 12210, 2080690, 1702840, 440, 232890, 1674170, 1874880, 420290, 744900, 1195460, 368070, 33230, 286160, 301520, 21970, 50130, 438740, 12250, 736220, 223710, 1206240, 1812450, 508900, 534500, 654310, 477160, 589290, 924140, 1119730, 40950, 219640, 203770, 218620}"
76561198043930956,15,0.3061224489795918,0.6952380952380952,227,"{17410, 224260, 621060, 231430, 72200, 261640, 222730, 219150, 311310, 1506830, 20500, 422420, 252950, 235540, 526870, 34330, 228380, 222750, 552990, 17440, 250400, 559650, 578080, 2141730, 550, 220200, 1222700, 552500, 346110, 1019450, 48700, 261180, 201790, 1313860, 667720, 242760, 252490, 552520, 1222730, 1509960, 48720, 220240, 1016920, 424030, 12900, 220260, 43110, 279140, 227940, 223850, 333930, 620, 217200, 242800, 244850, 505460, 394360, 35450, 674940, 700030, 298110, 213120, 1991300, 518790, 1873030, 431240, 1172620, 24720, 72850, 397460, 794260, 7830, 1059990, 43160, 222880, 1577120, 393380, 8870, 1158310, 242860, 251570, 251060, 222900, 327860, 448510, 209080, 344760, 265930, 42700, 229580, 239820, 393420, 110800, 945360, 407250, 285900, 294100, 2828500, 24790, 42710, 442070, 730, 686810, 299740, 1449690, 245470, 255710, 1054430, 8930, 1263850, 34030, 320240, 58610, 255220, 1005300, 1263860, 494840, 230650, 2073850, 311040, 10500, 225540, 427270, 2695940, 262410, 323850, 253710, 263440, 346900, 351510, 381210, 255260, 774941, 236830, 282400, 290080, 233250, 25890, 304930, 310560, 1426210, 205100, 880940, 1080110, 314160, 728880, 236850, 2195250, 1055540, 6980, 364360, 321360, 446800, 210770, 602960, 872790, 214360, 57690, 246620, 238430, 553310, 2221920, 236390, 295270, 322920, 382310, 232810, 10090, 273770, 489830, 49520, 245620, 872820, 1358710, 274940, 242050, 241540, 281990, 1326470, 275850, 226700, 343440, 107410, 63380, 23450, 346010, 1172380, 4000, 912290, 996770, 214950, 490920, 311210, 482730, 221100, 700330, 215470, 12210, 939960, 440, 859580, 529340, 482750, 1237950, 1097150, 420290, 1782210, 371660, 42960, 286160, 21970, 301520, 1237970, 272860, 42980, 227300, 477160, 1708520, 105450, 233450, 407530, 589290, 17390, 219640, 203770, 218620, 8190}"
76561198034287935,12,0.24489795918367346,0.7121212121212122,0,set()
76561198059049194,19,0.3877551020408163,0.5146198830409356,966,"{225280, 1607680, 718850, 915460, 2379780, 200710, 231430, 10, 296970, 1579020, 311310, 219150, 423950, 235540, 464920, 1243160, 743450, 552990, 1730590, 40990, 628770, 612390, 215080, 892970, 96300, 311340, 620590, 1388590, 391220, 475190, 802870, 575550, 417860, 460870, 70, 22600, 606280, 221260, 755790, 1144910, 80, 204880, 22610, 235600, 39000, 20570, 348250, 944220, 98400, 102500, 100, 43110, 383080, 1083500, 217200, 1026160, 270450, 1599600, 221300, 671860, 2881650, 460920, 22650, 2920570, 460930, 268420, 503940, 485510, 1251460, 1364100, 22670, 319630, 280720, 555150, 397460, 555160, 575640, 526490, 905370, 489630, 696480, 24740, 65700, 393380, 751780, 540840, 878760, 297130, 383150, 211120, 661680, 1392820, 2767030, 209080, 65720, 362680, 381120, 65730, 721090, 221380, 1235140, 295110, 643270, 65740, 239820, 393420, 405710, 39120, 366800, 327890, 458960, 268500, 602320, 280790, 1489110, 211160, 2828500, 202970, 387290, 220, 438490, 667870, 1085660, 24800, 444640, 397540, 454890, 485610, 202990, 684270, 215280, 240, 1616110, 461040, 65780, 8190, 520440, 837880, 1186040, 760060, 893180, 65790, 925950, 108800, 1808640, 407810, 10500, 225540, 65800, 710920, 323850, 241930, 387340, 755980, 420110, 235800, 1597720, 381210, 508190, 207140, 524580, 352550, 688420, 790820, 1532200, 39210, 633130, 880940, 1868070, 289070, 395570, 399670, 774461, 320, 635200, 739650, 2357570, 262470, 377160, 704850, 3164500, 57690, 858460, 571740, 553310, 731490, 489830, 360, 563560, 1128810, 1476970, 289130, 70000, 49520, 438640, 412020, 1026420, 2316660, 582010, 1442170, 235900, 870780, 207230, 237950, 596350, 1347970, 307590, 65930, 311690, 293260, 362890, 950670, 1491340, 1550730, 1687950, 401810, 1046930, 203160, 698780, 315810, 223650, 237990, 491950, 1198510, 229810, 1601970, 620980, 999860, 1245620, 307640, 440, 65980, 588220, 244160, 745920, 420290, 1782210, 211400, 12750, 268750, 301520, 362960, 305620, 510420, 438740, 223710, 1276390, 725480, 215530, 307690, 1044980, 545270, 219640, 1356280, 1444350, 403970, 621060, 438790, 530950, 246280, 285190, 238090, 547340, 365070, 234000, 612880, 1145360, 508440, 666140, 2590, 578080, 608800, 252450, 550, 379430, 320040, 733740, 113200, 225840, 369200, 555570, 504370, 344630, 346110, 1020470, 758330, 570, 440900, 268870, 1509960, 252490, 232010, 39500, 397900, 236110, 39510, 223830, 555610, 914010, 107100, 4700, 35420, 1000030, 633440, 227940, 1231460, 690790, 1608400, 213610, 223850, 620, 338540, 692850, 633460, 1794680, 35450, 1966720, 414340, 215690, 594570, 258700, 1817230, 211600, 428690, 602770, 920210, 606870, 291480, 4760, 232090, 234140, 510620, 471710, 418460, 770720, 883360, 4770, 1174180, 213670, 553640, 1938090, 496300, 506540, 47790, 1286830, 441010, 45750, 979640, 535230, 385730, 258760, 1712840, 1080010, 2429640, 400080, 410320, 584400, 750290, 332500, 637650, 47830, 221910, 273110, 674520, 730, 594650, 291550, 1479390, 385760, 8930, 244450, 502500, 543460, 373480, 701160, 1061610, 254700, 238320, 369400, 717560, 350970, 250620, 813820, 297740, 903950, 1338130, 3146520, 322330, 774941, 238370, 1651490, 447270, 2743080, 1147690, 230190, 1080110, 365360, 611120, 1592110, 1055540, 252730, 326460, 1811260, 291650, 1304780, 1049410, 1325890, 379720, 1305420, 326480, 602960, 635730, 219990, 367450, 246620, 308060, 258910, 238430, 582500, 236390, 453480, 1211240, 211820, 349040, 250740, 508790, 553850, 238460, 1446780, 314240, 990080, 271240, 1264520, 285580, 367500, 13200, 107410, 293780, 387990, 439190, 13210, 269210, 1440670, 367520, 840610, 1113000, 920490, 13230, 392110, 435120, 1293230, 304050, 2225070, 367540, 13240, 271290, 404410, 529340, 1237950, 13250, 322500, 273350, 70600, 259020, 361420, 435150, 203730, 306130, 287700, 1166290, 668630, 70620, 582620, 1237980, 834530, 1172450, 99300, 654310, 809960, 105450, 302060, 949230, 70640, 1240050, 265210, 203770, 70650, 429050, 238590, 302080, 629760, 17410, 345090, 70660, 1039360, 230410, 281610, 1053710, 226320, 351250, 1815570, 291860, 250900, 252950, 386070, 347160, 607260, 2313250, 220200, 281640, 314410, 459820, 1508400, 531510, 810040, 259130, 17470, 201790, 601150, 242760, 2395210, 1127500, 56400, 2231380, 310360, 115800, 1016920, 255070, 382050, 220260, 365670, 337000, 310380, 404590, 1090670, 48240, 1451120, 244850, 1709170, 246900, 1422450, 33910, 218230, 240760, 394360, 1635450, 674940, 298110, 359550, 105600, 494720, 234630, 1176710, 431240, 1363080, 33930, 404620, 72850, 365720, 789660, 33950, 382110, 21670, 242860, 611500, 492720, 251060, 619700, 427190, 1705140, 464060, 2471100, 292030, 324800, 928960, 244930, 410820, 761030, 1088710, 365770, 1062090, 9420, 285900, 470220, 1205450, 945360, 312530, 1838290, 294100, 249050, 1008860, 1510620, 1250, 1004770, 996580, 373990, 242920, 34030, 427250, 470260, 251130, 404730, 1070330, 2073850, 337150, 15620, 425220, 427270, 304390, 449800, 410890, 394510, 222480, 1359120, 429330, 351510, 714010, 236830, 310560, 25890, 314660, 910630, 247080, 924970, 1295660, 204080, 236850, 386360, 683320, 388410, 1051960, 44350, 423230, 863550, 1324350, 253250, 224580, 623940, 236870, 1793350, 750920, 408900, 2067780, 787790, 2016590, 595280, 312660, 630100, 232790, 224600, 329050, 771420, 703840, 617830, 353640, 931180, 238960, 271730, 263540, 703860, 265590, 316790, 623990, 327030, 1240440, 593280, 261510, 302470, 335240, 281990, 255370, 275850, 226700, 619910, 1060230, 1144200, 660880, 1201550, 1303950, 214420, 439700, 357780, 1836450, 712100, 646570, 261550, 200110, 302510, 859570, 476600, 785850, 1390010, 859580, 1097150, 363970, 261570, 335300, 394690, 427460, 2667970, 476620, 773580, 286160, 644560, 533970, 310740, 1119700, 282070, 202200, 355800, 214490, 1086940, 413150, 1590750, 765410, 638970, 200170, 589290, 376300, 509420, 214510, 347630, 886250, 218620, 427520, 503300, 261640, 222730, 304650, 1299980, 400910, 564750, 1506830, 200210, 296470, 953880, 226840, 34330, 300570, 445980, 255520, 828960, 300580, 239140, 632360, 634410, 226860, 374320, 589360, 3008050, 552500, 1220150, 48700, 1263820, 446020, 204360, 501320, 544330, 552520, 1248840, 251470, 548430, 48720, 448080, 468560, 22100, 278100, 206420, 1037910, 1449560, 960090, 224860, 429660, 1105500, 239200, 648800, 1531490, 396900, 368230, 1105510, 333420, 32370, 3700, 239220, 562810, 466560, 372360, 206480, 1099410, 794260, 927380, 339610, 1459870, 222880, 437920, 411300, 9900, 71340, 351920, 251570, 1623730, 222900, 489140, 448510, 652980, 370360, 380600, 433850, 423610, 444090, 982720, 423620, 2246340, 212680, 724680, 265930, 747210, 585420, 331470, 536270, 1552080, 1504980, 257750, 442070, 222940, 345820, 255710, 644830, 442080, 351970, 1142500, 366320, 235250, 329460, 1005300, 313080, 325370, 274170, 470780, 550650, 681730, 732930, 212740, 503560, 253710, 274190, 665360, 534290, 2739990, 397080, 1691420, 915230, 231200, 333600, 304930, 233250, 1535780, 472870, 341800, 323370, 214830, 728880, 249650, 323380, 343860, 2383670, 257850, 431930, 362300, 200510, 499520, 270150, 239430, 364360, 626510, 718670, 321360, 331600, 210770, 1603410, 438100, 327510, 450390, 339800, 431960, 208730, 747350, 823130, 976730, 442210, 544610, 259940, 1304420, 968550, 1468260, 1242980, 10090, 534380, 1568620, 55150, 1599340, 765810, 259960, 690040, 321400, 386940, 857980, 1056640, 1058690, 610180, 274310, 667530, 1281930, 259980, 63380, 331670, 346010, 42910, 1445790, 4000, 362400, 960420, 296870, 214950, 409510, 307110, 311210, 1038250, 6060, 262060, 212910, 274350, 415660, 1091500, 884660, 337850, 524220, 628670, 10180, 225220, 606150, 577480, 253900, 264140, 10190, 294860, 57300, 397270, 251870, 466910, 227300, 217060, 534500, 493540, 477160, 233450, 407530, 325610, 378860, 360430, 544750, 835570, 555000, 434170, 323580, 233470}"
76561198078682491,13,0.26530612244897955,0.5897435897435898,0,set()
76561198071981212,17,0.3469387755102041,0.5808823529411765,0,set()
76561198115441346,21,0.42857142857142855,0.6047619047619047,0,set()
76561198078695421,32,0.6530612244897959,0.5766129032258065,217,"{1551360, 1184770, 582660, 231430, 285190, 40970, 1506830, 252950, 787480, 34330, 552990, 109600, 379430, 1239080, 1017900, 1220140, 489520, 1164850, 552500, 936500, 968250, 570, 48700, 2709570, 911430, 242760, 1872970, 2448970, 397900, 56400, 235600, 247890, 48720, 606800, 3205720, 20570, 1692250, 4700, 9310, 424030, 2138720, 375910, 620, 1129580, 409710, 1599600, 409720, 394360, 460920, 362620, 674940, 295550, 359550, 1058430, 234630, 431240, 569480, 594570, 1363080, 1172620, 1295500, 690830, 8850, 920210, 4760, 375960, 648350, 8870, 1158310, 573100, 2155180, 2767030, 444090, 858810, 292030, 674500, 443080, 603850, 239820, 285900, 470220, 1407180, 671440, 945360, 813780, 1937620, 257750, 730, 245470, 255710, 442080, 8930, 271590, 242920, 9450, 34030, 1044720, 58610, 1307890, 1364210, 8190, 502520, 809720, 248570, 10500, 15620, 775940, 226580, 784150, 322330, 381210, 3240220, 1066780, 1386780, 304930, 1970980, 205610, 674090, 880940, 289070, 236850, 47410, 8500, 1785650, 726840, 598330, 16700, 1811260, 2425150, 760640, 236870, 364360, 673610, 2016590, 446800, 1901910, 431960, 434520, 1331550, 1207650, 236390, 10090, 1128810, 1223530, 55150, 289650, 1372530, 245620, 2140020, 623990, 1358710, 393080, 535930, 1342330, 596350, 3399040, 897410, 1248130, 281990, 393100, 107410, 732050, 298900, 334230, 4000, 214950, 237990, 1343400, 1309610, 6060, 261550, 1433010, 285110, 1196470, 476600, 1649080, 232890, 1142710, 677820, 529340, 1097150, 1237950, 2109370, 440, 363970, 572410, 2280390, 580040, 476620, 42960, 286160, 21970, 352720, 1036240, 1003480, 916440, 19930, 4570, 311260, 816090, 1824220, 415200, 4580, 227300, 1399780, 407530, 325610, 225260, 589290, 682990, 40950, 7670, 219640, 1172470, 203770, 218620, 346110}"
76561198101820766,15,0.3061224489795918,0.5428571428571428,190,"{40960, 629760, 582660, 231430, 620040, 737800, 40970, 10, 620050, 40980, 20, 252950, 34330, 397340, 30, 96800, 550, 379430, 40, 313340, 50, 48700, 60, 71230, 48190, 201790, 70, 1085510, 71240, 252490, 48720, 80, 71250, 247890, 22100, 266840, 330840, 307290, 71260, 273500, 4700, 208480, 100, 1131620, 365670, 690790, 333930, 620, 1422450, 33910, 1948280, 35450, 674940, 285310, 333950, 105600, 130, 386180, 405640, 431240, 33930, 569480, 1363080, 201870, 72850, 607380, 4760, 222880, 4770, 108200, 307880, 242860, 345260, 42160, 327860, 209080, 433850, 266430, 94400, 221380, 310470, 212680, 25800, 1062090, 39120, 945360, 885970, 221910, 257750, 211160, 730, 220, 255710, 1455840, 8930, 244450, 25830, 250600, 242920, 503530, 287980, 34030, 240, 15100, 269570, 10500, 304390, 311560, 241930, 326410, 11020, 280, 322330, 598810, 434460, 1066780, 310560, 25890, 304930, 2981670, 47400, 677160, 300, 216370, 47410, 236850, 225080, 22330, 16700, 44350, 320, 282440, 370510, 431960, 57690, 208730, 571740, 299360, 236390, 360, 1128810, 289650, 368500, 1714040, 649600, 242050, 233860, 281990, 950670, 400, 107410, 439700, 334230, 346010, 327070, 4000, 214950, 261550, 302510, 440, 232890, 420290, 425410, 40390, 277450, 253900, 33230, 42960, 286160, 70100, 274900, 282070, 312280, 544730, 225760, 33250, 306660, 534500, 654310, 233450, 105450, 325610, 589290, 932850, 500, 489460, 40950, 219640, 203770, 218620}"
76561198161469447,26,0.5306122448979591,0.6246153846153846,0,set()
76561198080610166,24,0.4897959183673469,0.6376811594202898,94,"{231430, 316430, 1506830, 212500, 34330, 32800, 315430, 892970, 705070, 314420, 552500, 570, 20540, 48700, 243780, 1313860, 779340, 56400, 247890, 20570, 219740, 4700, 227940, 29800, 703080, 616560, 244850, 394360, 9340, 466560, 359050, 4760, 222880, 4770, 1158310, 209080, 292030, 203770, 945360, 885970, 730, 686810, 255710, 8930, 244450, 242920, 34030, 58610, 388340, 502520, 418040, 15620, 10500, 378120, 262410, 346900, 322330, 25890, 304930, 263980, 657200, 236850, 47410, 408900, 364360, 585550, 236390, 228200, 1358710, 107410, 334230, 203160, 265630, 4000, 214950, 700330, 261550, 440, 232890, 1237950, 7620, 104900, 4560, 286160, 21970, 301520, 34270, 384480, 306660, 325610, 407530, 40950, 572410, 346110}"
76561198260213287,25,0.5102040816326531,0.6033333333333334,0,set()
76561198016914899,30,0.6122448979591836,0.5402298850574713,333,"{1607680, 436230, 231430, 346120, 741400, 991260, 892970, 280620, 292910, 108600, 755790, 204880, 919640, 20570, 43110, 1083500, 616560, 2881650, 671860, 1435790, 24720, 352400, 858260, 555160, 905370, 489630, 342180, 393380, 878760, 209080, 362680, 719040, 221380, 383180, 39120, 268500, 211160, 559330, 252130, 233700, 240, 10500, 65800, 262410, 241930, 1194250, 300, 102700, 289070, 739630, 320, 377160, 493900, 563560, 1128810, 1102190, 70000, 233840, 203140, 233860, 434570, 334230, 20900, 1677740, 227760, 20920, 440, 418240, 1782210, 104900, 4560, 438740, 215510, 1870300, 223710, 1466860, 866800, 219640, 115200, 1233410, 264710, 508440, 12830, 578080, 550, 666150, 379430, 590380, 2742830, 504370, 250420, 570, 440900, 1509960, 397900, 236110, 266840, 4700, 219740, 35420, 227940, 703080, 524910, 1794680, 35450, 594570, 877200, 920210, 4760, 418460, 4770, 1938090, 535230, 987840, 6860, 1194700, 2013900, 813780, 730, 686810, 2183900, 291550, 8930, 244450, 113400, 207610, 527100, 598780, 813820, 1071870, 219910, 209670, 518920, 1839880, 4890, 322330, 281370, 774941, 248610, 238370, 1141550, 365360, 326460, 469820, 361280, 291650, 607050, 602960, 306020, 236390, 555880, 228200, 15210, 211820, 289650, 1358710, 553850, 48000, 512900, 107410, 359320, 261030, 369580, 367540, 1403830, 435150, 1018830, 99300, 203750, 17390, 629760, 560130, 224260, 582660, 230410, 218130, 250900, 252950, 220200, 1260590, 201790, 242760, 779340, 56400, 216150, 1016930, 599140, 205930, 812140, 218230, 33910, 394360, 674940, 359550, 105600, 711810, 42120, 431240, 33930, 72850, 390290, 648350, 1158310, 251060, 834740, 421050, 1977530, 433340, 292030, 1049800, 285900, 945360, 885970, 294100, 34010, 1250, 34030, 2073850, 15620, 208140, 224540, 236830, 677160, 236850, 44340, 1436990, 214340, 236870, 283980, 736590, 1437010, 312660, 255320, 224600, 1934680, 861540, 931180, 400750, 238960, 623990, 327030, 281990, 480650, 286100, 337320, 261550, 1453490, 2186680, 859580, 427460, 286160, 214490, 1086940, 413150, 34270, 589290, 218620, 429570, 34330, 1170970, 552500, 48700, 833090, 302670, 548430, 48720, 978520, 960090, 591460, 32360, 669290, 32370, 239220, 505460, 1283700, 32380, 32390, 32400, 536220, 222880, 251570, 222900, 32440, 1232570, 208580, 730820, 446150, 212680, 581320, 32460, 730830, 32470, 358130, 40700, 1105670, 253710, 397080, 438040, 448280, 304930, 200510, 364360, 438100, 544610, 1040230, 22380, 1599340, 321400, 1173370, 1449850, 386940, 6020, 6030, 63380, 4000, 214950, 1343400, 700330, 6060, 262060, 1521580, 1404850, 1142710, 456670, 227300, 534500, 477160, 233450, 325610, 407530, 835570, 362490, 346110}"
76561198139739848,17,0.3469387755102041,0.49264705882352944,125,"{629760, 582660, 231430, 230410, 242700, 212500, 252950, 226840, 34330, 253980, 552990, 578080, 550, 254000, 300080, 570, 48700, 254020, 335430, 844870, 242760, 552520, 252490, 204880, 314970, 239200, 227940, 212070, 368230, 1083500, 2881650, 218230, 394360, 359550, 291480, 905370, 222880, 1158310, 1938090, 506540, 611500, 299700, 2767030, 444090, 433850, 324810, 259280, 945360, 442070, 730, 1085660, 291550, 252130, 797410, 271590, 2280, 34030, 302830, 238320, 113400, 304390, 346900, 322330, 381210, 3240220, 310560, 304930, 349480, 67370, 553260, 236850, 386360, 44350, 2139460, 44360, 379720, 224600, 431960, 823130, 858460, 356190, 2400, 236390, 286570, 227180, 355180, 1599340, 349040, 2420, 265590, 623990, 553850, 107900, 113020, 596350, 2430, 281990, 400, 439700, 203160, 289690, 4000, 20900, 6060, 261550, 1245620, 440, 389570, 104900, 42960, 301520, 57300, 202200, 466910, 534500, 227300, 654310, 407530, 835570, 282100, 1172470, 219640, 203770, 218620, 346110}"
76561198061577634,29,0.5918367346938775,0.5394088669950738,0,set()
76561198058496166,13,0.26530612244897955,0.5897435897435898,123,"{629760, 231430, 1987080, 40970, 311310, 250900, 34330, 228380, 578080, 550, 379430, 892970, 1890860, 555570, 570, 48700, 242760, 252490, 755790, 220240, 1003090, 1449560, 35420, 227940, 223850, 1083500, 671860, 33910, 218230, 359550, 466560, 518790, 1363080, 33930, 1172620, 72850, 418460, 222880, 393380, 242860, 9900, 513710, 1286830, 2507950, 42680, 433850, 42690, 221380, 581320, 42700, 945360, 42710, 730, 686810, 286940, 291550, 1250, 8930, 13540, 674020, 271590, 485610, 1517290, 34030, 240, 113400, 2073850, 1366800, 8980, 714010, 3240220, 774941, 493340, 25890, 1771300, 289070, 739630, 236850, 1063730, 16700, 224580, 2139460, 377160, 736590, 3164500, 238430, 236390, 1599340, 49520, 412020, 623990, 553850, 24960, 241540, 1326470, 950670, 107410, 63380, 439700, 4000, 221100, 261550, 1245620, 440, 1874880, 10180, 40390, 10190, 824270, 729040, 286160, 57300, 544730, 272860, 1824220, 437220, 534500, 105450, 589290, 1466860, 1172470, 219640, 218620}"
76561198058322619,22,0.44897959183673464,0.5281385281385281,276,"{231430, 410110, 261640, 475150, 413710, 321040, 316430, 252950, 226840, 34330, 222750, 32800, 96800, 578080, 608800, 761890, 2051620, 550, 379430, 544810, 211500, 300080, 97330, 20530, 314420, 552500, 504370, 570, 20540, 48700, 20550, 204360, 252490, 221260, 236110, 640590, 48720, 56400, 22100, 919640, 20570, 314970, 4700, 9310, 32350, 424030, 12900, 227940, 43110, 6250, 620, 1083500, 409710, 32370, 244850, 505460, 513650, 33910, 218230, 323190, 409720, 35450, 1422450, 9340, 32380, 700030, 333950, 92800, 105600, 312450, 206980, 9350, 32390, 33930, 258700, 201870, 6800, 32400, 72850, 293010, 8850, 345240, 6810, 905370, 312990, 222880, 17570, 204450, 32420, 8870, 1158310, 242860, 6830, 32430, 42160, 24240, 377520, 222900, 6840, 209080, 444090, 292030, 208580, 221380, 9420, 945360, 32470, 987350, 211160, 442070, 730, 287450, 686810, 34010, 667870, 8930, 244450, 9450, 34030, 302830, 369390, 58610, 32500, 502520, 47870, 108800, 10500, 15620, 24840, 9480, 241930, 208140, 274190, 397080, 322330, 1238810, 224540, 236830, 290080, 25890, 33570, 233250, 304930, 238370, 205100, 263980, 216370, 236850, 1404210, 404790, 225080, 386360, 22330, 721720, 55100, 1238840, 1670460, 466240, 1216320, 204100, 12100, 3910, 55110, 234310, 364360, 1294660, 926540, 12110, 567630, 218450, 210770, 12120, 239450, 823130, 858460, 40800, 201570, 342370, 55140, 236390, 489830, 228200, 430440, 10090, 227180, 203630, 55150, 70000, 49520, 6000, 1358710, 1240440, 238460, 596350, 24960, 1630080, 6020, 35720, 1003400, 12170, 293260, 6030, 28050, 207250, 17300, 12180, 107410, 63380, 98200, 8600, 203160, 1140630, 42910, 265630, 4000, 20900, 214950, 237990, 42920, 700330, 6060, 261550, 17330, 12210, 436150, 440, 17340, 4540, 50620, 55230, 462780, 357310, 420290, 1259970, 104900, 427460, 4550, 12230, 221640, 273350, 294860, 1124300, 12750, 42960, 91600, 21970, 4560, 12240, 286160, 8660, 274900, 4570, 50650, 12250, 359900, 34270, 225760, 4580, 42980, 227300, 306660, 534500, 203750, 105450, 325610, 589290, 99300, 214510, 1466860, 835570, 1022450, 7670, 219640, 203770, 218620, 8190}"
76561198089394017,18,0.36734693877551017,0.6078431372549019,328,"{40960, 231430, 40970, 413710, 311310, 475150, 464920, 397340, 282660, 892970, 280620, 1222730, 673880, 20570, 424030, 43110, 1083500, 616560, 247930, 503940, 260230, 569480, 293010, 905370, 489630, 393380, 297130, 383150, 979120, 235700, 2840770, 110800, 268500, 65790, 10500, 225540, 262410, 241930, 790820, 57640, 289070, 739630, 47410, 1284410, 16700, 35140, 377160, 493900, 567630, 858460, 735580, 489830, 563560, 1151340, 49520, 438640, 1937780, 582010, 203140, 233860, 950670, 203160, 1954200, 1245620, 20920, 1649080, 1604030, 418240, 745920, 420290, 371140, 1104330, 2951630, 352720, 512470, 223710, 33250, 219640, 274940, 645630, 1272320, 223750, 238090, 526870, 1282590, 250400, 270880, 578080, 550, 379430, 1190460, 440900, 232010, 39500, 266840, 4700, 227940, 316010, 620, 1184370, 633460, 35450, 518790, 594570, 690830, 291480, 1151640, 418460, 1233570, 496300, 2239150, 899770, 660160, 258760, 637650, 730, 686810, 8930, 244450, 701160, 1903340, 307960, 248570, 39680, 774941, 1643310, 1100600, 33600, 33610, 496460, 926540, 1100620, 246620, 236390, 211820, 400240, 1418100, 553850, 990080, 107410, 359320, 289690, 1172380, 1182620, 1000360, 920490, 392110, 367540, 435150, 752590, 306130, 392160, 654310, 302060, 48110, 949230, 1180660, 203770, 572410, 302080, 629760, 224260, 582660, 230410, 220200, 918570, 992300, 678960, 2239550, 527430, 779340, 56400, 2231380, 578650, 427100, 212070, 205930, 310380, 515180, 1129580, 263280, 244850, 1422450, 218230, 394360, 359550, 1363080, 72850, 1295510, 365720, 421020, 648350, 1158310, 242860, 492720, 251060, 675010, 537800, 285900, 945360, 294100, 242920, 386280, 34030, 494840, 439550, 15620, 304390, 9480, 292120, 236830, 290080, 292140, 236850, 386360, 44350, 1088850, 7530, 931180, 238960, 623990, 535930, 281990, 1101190, 275850, 787860, 712100, 261550, 302510, 7600, 476600, 232890, 406970, 337340, 24010, 476620, 21970, 202200, 1113560, 1086940, 589290, 218620, 38400, 2215430, 261640, 38410, 390670, 38420, 34330, 222750, 2051620, 374320, 589360, 552500, 48700, 200260, 767560, 2344520, 302670, 640590, 48720, 1410640, 429660, 648800, 368230, 206440, 323190, 269950, 700030, 466560, 1029780, 530070, 222880, 310950, 9900, 573100, 265930, 32470, 2623190, 581340, 255710, 233210, 503560, 208650, 704270, 243470, 784150, 493340, 1066780, 304930, 444200, 657200, 773951, 364360, 1611600, 227160, 278360, 823130, 356190, 544610, 509800, 245620, 1669000, 4000, 214950, 319400, 6060, 221100, 12210, 884660, 1142710, 524220, 294860, 311260, 251870, 1206240, 227300, 534500, 493540, 477160, 753640, 325610, 407530, 360430, 544750, 835570, 638970, 346110}"
76561198166480987,26,0.5306122448979591,0.5476923076923077,171,"{629760, 231430, 412170, 1222670, 612880, 212500, 252950, 34330, 32800, 608800, 550, 374320, 552500, 454200, 48700, 237630, 254020, 1008710, 242760, 779340, 56400, 355920, 201810, 493650, 254040, 20570, 4700, 383580, 32350, 766570, 402030, 557680, 244850, 298610, 32370, 505460, 33910, 1422450, 394360, 406650, 32380, 50300, 359550, 674940, 254080, 512640, 493700, 32390, 33930, 359050, 594570, 1172620, 493710, 32400, 254100, 776340, 418460, 222880, 770720, 32420, 393380, 344230, 1174180, 242860, 32430, 388270, 449200, 1623730, 251060, 1005240, 344760, 209080, 271550, 292030, 1056960, 208580, 581320, 259280, 945360, 32470, 375510, 730, 594650, 686810, 259300, 34030, 32500, 259320, 10500, 15620, 304390, 209160, 241930, 209170, 322330, 381210, 493340, 774941, 1238810, 248610, 304930, 368420, 451880, 677160, 1404210, 487220, 1238840, 386880, 466240, 364360, 447820, 431960, 823130, 356190, 306020, 582500, 236390, 286570, 211820, 6000, 261490, 245620, 623990, 1358710, 502140, 350080, 508290, 6020, 466820, 6030, 515470, 107410, 428950, 1058200, 1172380, 4000, 395170, 646570, 700330, 262060, 221100, 261550, 6060, 317360, 367540, 1142710, 20920, 253880, 412600, 476600, 403900, 1679290, 485310, 440, 420290, 476620, 435150, 438740, 473560, 469980, 736220, 363490, 493540, 654310, 285160, 325610, 589290, 214510, 219640, 203770, 218620}"
76561198159276554,26,0.5306122448979591,0.6738461538461539,128,"{224260, 231430, 264710, 2215430, 230410, 40970, 218640, 212500, 298520, 34330, 253980, 222750, 552990, 550, 254000, 552500, 2000950, 48700, 70, 334920, 302670, 314450, 254040, 350810, 4700, 227940, 332390, 333930, 254060, 394360, 523900, 674940, 359550, 274560, 72850, 362130, 4760, 291480, 905370, 312990, 4770, 1174180, 1938090, 9900, 421040, 42680, 1005240, 380600, 433850, 444090, 42690, 259280, 945360, 813780, 280790, 211160, 202970, 287450, 220, 730, 586970, 686810, 444640, 1449690, 259300, 271590, 302310, 202990, 34030, 7940, 10500, 427270, 9480, 262410, 220440, 3240220, 304930, 47410, 236850, 386360, 1238840, 16700, 320, 585550, 3164500, 7510, 278360, 858460, 236390, 360, 1128810, 2140020, 623990, 596350, 1930, 107410, 204180, 439700, 334230, 1058200, 51100, 4000, 865190, 221100, 212910, 261550, 1034160, 1453490, 440, 375230, 1782210, 10180, 273350, 253900, 10190, 301520, 31700, 253920, 217060, 227300, 534500, 105450, 589290, 835570, 40950, 219640, 203770, 218620}"
76561198126576961,30,0.6122448979591836,0.5379310344827586,136,"{629760, 1551360, 2215430, 311310, 1506830, 252950, 34330, 550, 1531430, 1677350, 1890860, 489520, 1273400, 1029690, 48700, 200260, 1313860, 242760, 1509960, 236110, 240720, 2075730, 960090, 1692250, 4700, 648800, 227940, 1190000, 2835570, 1422450, 671860, 394360, 322170, 105600, 1966720, 550040, 878760, 1938090, 242860, 2507950, 2767030, 42680, 380600, 3241660, 292030, 2567870, 42690, 244930, 2479810, 1131720, 42700, 470220, 285900, 42710, 202970, 730, 686810, 1085660, 244450, 502500, 271590, 613100, 34030, 202990, 1275630, 1359090, 2073850, 813820, 2695940, 208650, 973580, 253710, 2683150, 2381590, 1485080, 714010, 3240220, 1588010, 975660, 2488620, 739630, 2195250, 1216320, 1454400, 35140, 2139460, 313160, 431960, 760160, 55140, 882020, 236390, 10090, 1266540, 289650, 1358710, 553850, 1173370, 990080, 1248130, 1144200, 1343370, 787860, 241560, 555000, 203160, 51100, 1172380, 4000, 2300320, 214950, 1038250, 2108330, 6060, 221100, 212910, 261550, 200110, 436150, 1142710, 440, 1097150, 1874880, 908740, 368070, 580040, 489940, 3097560, 534500, 1708520, 589290, 682990, 244210, 1774580, 1172470, 219640}"
76561198133954795,26,0.5306122448979591,0.6061538461538462,0,set()
76561198017505975,16,0.32653061224489793,0.675,340,"{231430, 34830, 1222670, 20, 464920, 20510, 892970, 1222700, 50, 2100, 108600, 2709570, 70, 755790, 2130, 340050, 944220, 424030, 1284190, 43110, 217200, 130, 206980, 405640, 43160, 1593500, 489630, 65700, 65720, 209080, 403640, 336060, 1056960, 719040, 268500, 24790, 202970, 220, 1085660, 24800, 397540, 24810, 202990, 240, 45300, 8190, 837880, 65790, 10500, 241930, 233740, 1272080, 381210, 24860, 205100, 289070, 739630, 320, 377160, 915810, 489830, 360, 1151340, 49520, 842100, 412020, 278910, 203140, 950670, 400, 20900, 20920, 440, 65980, 1089980, 420290, 1782210, 211400, 305620, 438740, 211420, 219640, 612880, 2427420, 250400, 578080, 550, 2427430, 379430, 434730, 1890860, 225840, 440900, 1509960, 252490, 47700, 223830, 35420, 227940, 620, 633460, 35450, 1966720, 1682050, 414340, 518790, 359050, 33420, 232090, 418460, 770720, 8870, 45740, 1030830, 1030840, 1055430, 221910, 730, 594650, 686810, 8930, 244450, 41700, 365300, 207610, 699130, 47870, 1839880, 322330, 1426210, 1063730, 326460, 379720, 602960, 914260, 238430, 582500, 236390, 211820, 1358710, 553850, 11140, 107410, 234390, 359320, 1172380, 2732960, 261030, 367540, 275390, 1874880, 50130, 306130, 654310, 218090, 650220, 1180660, 203770, 265210, 629760, 17410, 224260, 582660, 230410, 242700, 1268750, 300060, 220200, 394310, 17480, 242760, 865360, 201810, 1016920, 578650, 707680, 205930, 812140, 1846380, 263280, 244850, 1422450, 246900, 33910, 394360, 50300, 674940, 359550, 105600, 402560, 1873030, 431240, 33930, 1172620, 72850, 2296990, 292000, 1158310, 611500, 91310, 42160, 216250, 675010, 285900, 945360, 294100, 1250, 304390, 208140, 351510, 236830, 290080, 25890, 677160, 236850, 1361210, 204100, 408900, 312660, 834910, 382310, 40300, 931180, 623990, 327030, 791930, 1144200, 376210, 658850, 712100, 490920, 1703340, 261550, 327090, 239030, 202170, 744900, 91600, 286160, 282070, 214490, 413150, 200170, 589290, 632300, 253430, 218620, 517630, 38400, 3590, 38410, 321040, 212500, 38420, 34330, 255520, 239140, 552500, 48700, 2229830, 204360, 548430, 48720, 2229840, 22100, 206420, 1449560, 2229850, 648800, 22120, 2229870, 505460, 323190, 2229880, 22140, 700030, 2229890, 1164940, 280220, 536220, 222880, 204450, 1148590, 251570, 222900, 42680, 2567870, 982720, 42690, 212680, 1205960, 42700, 329430, 42710, 22230, 261880, 227100, 505630, 313120, 1771300, 728880, 22330, 55100, 200510, 8000, 270150, 55110, 364360, 747350, 823130, 976730, 356190, 1242980, 1341290, 22380, 534380, 55150, 350080, 241540, 63380, 42910, 4000, 214950, 12200, 311210, 700330, 221100, 1091500, 212910, 12210, 55230, 10180, 10190, 493520, 227300, 477160, 325610, 407530, 782330, 346110}"
76561198054122562,27,0.5510204081632653,0.5584045584045584,0,set()
76561198192985946,36,0.7346938775510203,0.5365079365079365,72,"{304390, 231430, 1144200, 1363080, 667530, 2669320, 311310, 1506830, 776340, 3240220, 1173370, 4000, 25890, 550, 214950, 490920, 379430, 700330, 892970, 242860, 1158310, 261550, 289070, 374320, 739630, 47410, 236850, 1080110, 2195250, 22330, 48700, 529340, 292030, 1097150, 1811260, 420290, 1782210, 1313860, 2429640, 926540, 42960, 945360, 306130, 1504980, 916440, 730, 1692250, 571740, 944220, 424030, 1281630, 236390, 271590, 654310, 1482620, 105450, 407530, 589290, 1128810, 34030, 1129580, 70000, 1044720, 1134570, 1422450, 633460, 933110, 1358710, 394360, 203770, 674940, 346110}"
76561198126165173,20,0.4081632653061224,0.5157894736842106,137,"{231430, 316430, 321040, 20, 212500, 252950, 34330, 552990, 578080, 372260, 550, 510510, 50, 552500, 570, 48700, 212030, 201790, 1313860, 70, 204360, 397900, 206420, 4700, 35420, 227940, 524390, 368230, 337000, 223850, 620, 505460, 394360, 547960, 35450, 674940, 105600, 130, 432260, 386180, 594570, 4760, 905370, 222880, 302240, 4770, 267940, 1158310, 242860, 251570, 209080, 292030, 212680, 2429640, 1015500, 1255630, 945360, 885970, 220, 289500, 291550, 8930, 1250, 1263850, 34030, 238320, 1263860, 10500, 304390, 326410, 208140, 280, 44320, 464170, 739630, 289070, 236850, 1063730, 4920, 1100600, 44350, 238910, 320, 466240, 377160, 364360, 340300, 1100620, 1109840, 438100, 431960, 2400, 22370, 236390, 360, 563560, 22380, 1599340, 238960, 2420, 1358710, 321400, 978300, 2430, 24960, 990080, 281990, 400, 202130, 107410, 1046930, 4000, 20900, 214950, 2315690, 261550, 1665460, 1142710, 20920, 440, 529340, 1259970, 46540, 42960, 238050, 42980, 534500, 654310, 589290, 817130, 414700, 325610, 835570, 219640, 203770, 218620, 302590}"
76561198065962302,18,0.36734693877551017,0.6405228758169934,73,"{115200, 914690, 10500, 48900, 231430, 9480, 230410, 33420, 204940, 253710, 4880, 203290, 714010, 51100, 222750, 204450, 214950, 215080, 444200, 6060, 11180, 1030830, 261550, 24240, 42160, 225840, 289070, 222900, 1286830, 436150, 1453490, 60600, 48700, 201790, 258240, 70210, 203770, 37700, 254020, 221380, 1208260, 364360, 1240440, 1274570, 1782210, 3020, 397900, 48720, 979920, 50130, 278360, 57690, 730, 21980, 8930, 227940, 236390, 105450, 325610, 1083500, 589290, 34030, 1128810, 6000, 238320, 485610, 218230, 1172470, 1062520, 933110, 11130, 218620, 65790}"
76561198048530084,28,0.5714285714285714,0.5714285714285714,0,set()
76561198103591080,24,0.4897959183673469,0.5434782608695652,0,set()
76561198135748897,22,0.44897959183673464,0.6666666666666666,0,set()
76561198052039183,24,0.4897959183673469,0.6014492753623188,108,"{629760, 224260, 582660, 231430, 1506830, 1222670, 252950, 226840, 203290, 34330, 270880, 578080, 282660, 892970, 1890860, 48700, 252490, 397900, 56400, 2075730, 20570, 227940, 43110, 620, 1083500, 2881650, 1422450, 671860, 218230, 2920570, 674940, 298630, 1363080, 291480, 43160, 2296990, 489630, 222880, 393380, 1158310, 1938090, 242860, 611500, 513710, 2507950, 380600, 292030, 244930, 2719940, 945360, 813780, 221910, 202970, 730, 286940, 686810, 291550, 2183900, 34030, 202990, 302830, 58610, 15620, 2669320, 11020, 346900, 774941, 310560, 304930, 1771300, 1080110, 2195250, 1085750, 466240, 408900, 447820, 2016590, 3164500, 431960, 823130, 348510, 544610, 236390, 1599340, 1240440, 1173370, 553850, 667530, 107410, 4000, 700330, 221100, 212910, 261550, 304050, 440, 1874880, 420290, 1782210, 301520, 286690, 1134570, 244210, 939510, 1172470, 203770, 218620, 302590}"
76561198118112574,26,0.5306122448979591,0.6092307692307692,0,set()
76561198096558246,15,0.3061224489795918,0.6095238095238096,0,set()
76561198133981359,16,0.32653061224489793,0.5416666666666666,181,"{629760, 403970, 503300, 231430, 624120, 230410, 1506830, 321040, 356370, 252950, 226840, 34330, 32800, 255520, 578080, 761890, 550, 315430, 892970, 374320, 108600, 570, 48700, 2709570, 440900, 242760, 252490, 397900, 3727950, 407120, 527440, 314450, 4700, 707680, 227940, 1083500, 32370, 1422450, 505460, 218230, 394360, 1062520, 35450, 359550, 700030, 262280, 1088150, 4760, 339610, 905370, 218620, 418460, 222880, 17570, 293540, 393380, 510630, 1158310, 878760, 233130, 242860, 611500, 2507950, 42160, 251570, 2767030, 209080, 344760, 433850, 291010, 221380, 295110, 2429640, 352460, 945360, 813780, 730, 291550, 244450, 271590, 1263850, 34030, 1275630, 677620, 1263860, 3830, 231670, 207610, 550650, 813820, 65790, 9480, 1569040, 322330, 714010, 3240220, 774941, 2252570, 251170, 304930, 285480, 289070, 739630, 47410, 236850, 386360, 1100600, 362300, 44350, 466240, 447820, 1100620, 260430, 344910, 567630, 2016590, 438100, 3164500, 872790, 823130, 976730, 858460, 236390, 430440, 10090, 286570, 227180, 931180, 1128810, 6000, 49520, 656240, 1142130, 872820, 623990, 1358710, 107410, 204180, 439700, 203160, 1904540, 304030, 4000, 223650, 214950, 482730, 700330, 6060, 221100, 261550, 415660, 884660, 1665460, 440, 482750, 375230, 1097150, 363970, 420290, 10180, 10190, 737230, 2338770, 489940, 3097560, 624090, 720380, 736220, 415200, 534500, 407530, 325610, 589290, 393200, 1261040, 835570, 1172470, 219640, 203770, 274940, 346110}"
